x,   y,    z,        vx,         vy,        vz,         mass, radius, is_sun
0,   3,   -3,         9,          2,         0, 5.96676E+030, 20    , true
0, 200,  200, -94353444, -154534534, 823123645, 5.96676E+029,  8    , true
