 x,    y,   z, vx,         vy,         vz,         mass, radius, is_sun
-80, -80, -80,  0,  190000000,  190000000, 9.96676E+029,     18,   true
 80,  80,  80,  0, -190000000, -190000000, 9.86676E+029,     18,   true
