x,   y,  z,  vz,        vy,        vz,         mass, radius, is_sun
0,   3, -3,  9,          2,         0, 5.96676E+030,     20, true
0, 300,  3, -9, -954534534, 923123645, 5.96676E+029,     13, true
