   x,    y,  z,        vx,        vy,     vz,        mass, radius, is_sun
 200,  300, -3,  12222219,-421222221,  42215, 5.16676E+23,     20
-200, -300,  3, -12222219, 421222221, -42215, 5.16676E+23,     20
   0,    0,  0,         0,         0,      0, 5.99676E+29,     13, true
